,LINKS,CHANNEL LINKS
0,https://www.youtube.com/c/OpeninApp,https://www.youtube.com/@OpeninApp
1,https://www.youtube.com/channel/UCIGDcUqL2kKMdJCpIr_dfxg,https://www.youtube.com/@OpeninApp
2,https://www.youtube.com/watch?v=-GvsoRszRt4,https://www.youtube.com/@OpeninApp
3,https://www.youtube.com/watch?v=dd02GPhhNhQ,https://www.youtube.com/@OpeninApp
4,https://www.youtube.com/watch?v=Njo_GPYbTvY,https://www.youtube.com/@inspiringprashant
5,https://www.youtube.com/watch?v=tr5tmXA4QYc,https://www.youtube.com/@finshowbynehanagar94
6,https://www.youtube.com/watch?v=7zG7jspETQQ,https://www.youtube.com/@24472
7,https://www.youtube.com/watch?v=vOo-VyPIiW0,https://www.youtube.com/@spksunny
8,https://www.youtube.com/watch?v=R_rx1eeOPlg,https://www.youtube.com/@finshowbynehanagar94
9,https://www.youtube.com/watch?v=FNey5HPrt1M,https://www.youtube.com/@RiniChandraOfficial
10,https://www.youtube.com/watch?v=W30NqmlizT8,https://www.youtube.com/@OpeninApp
11,https://www.youtube.com/watch?v=UJQ3J6zU_gs,https://www.youtube.com/@VaasuTechVlogs
12,https://www.youtube.com/watch?v=u6WsQEpOnVY,https://www.youtube.com/@Prasadtechintelugu
13,https://www.youtube.com/watch?v=lY3r08UiBA4,https://www.youtube.com/@Prasadtechintelugu
14,https://www.youtube.com/watch?v=lo3vsXEK1iM,https://www.youtube.com/@Prasadtechintelugu
15,https://www.youtube.com/watch?v=EFskUcFGRoM,https://www.youtube.com/@MoneyPurse
16,https://www.youtube.com/watch?v=z-FRM6OOQYs,https://www.youtube.com/@MoneyPurse
17,https://www.youtube.com/watch?v=z_pXW0FbvKc,https://www.youtube.com/@Prasadtechintelugu
18,https://www.youtube.com/watch?v=nPXRYpHR-kk,https://www.youtube.com/@Prasadtechintelugu
19,https://www.youtube.com/watch?v=sHFe9uKdBRw,https://www.youtube.com/@Prasadtechintelugu
20,https://www.youtube.com/watch?v=TUQXwSm2-As,https://www.youtube.com/@ManojDeyVlogs
21,https://www.youtube.com/watch?v=DFR-TNSNWoo,https://www.youtube.com/@Prasadtechintelugu
22,https://www.youtube.com/watch?v=UCErYu4P1fY,NA
23,https://www.youtube.com/watch?v=48wKRzn0QWM,NA
24,https://www.youtube.com/watch?v=fWKazhRmhSQ,NA
25,https://www.youtube.com/watch?v=6gW8Lj9JyNs,NA
26,https://www.youtube.com/watch?v=RuyB2ycKCuU,https://www.youtube.com/@MoneyPurse
27,https://www.youtube.com/watch?v=MCqSTLVpuU4,https://www.youtube.com/@MoneyPurse
28,https://www.youtube.com/c/TradingwithGroww,https://www.youtube.com/@TradingwithGroww
29,https://www.youtube.com/watch?v=fJXbyk8jkYY,https://www.youtube.com/@youthbrigade
30,https://www.youtube.com/watch?v=1dc4x7pQQJQ,https://www.youtube.com/@Prasadtechintelugu
31,https://www.youtube.com/watch?v=aEP-EqlOO98,https://www.youtube.com/@trishulshakti.
32,https://www.youtube.com/watch?v=9WbHXO3gcfA,https://www.youtube.com/@Paddhati
33,https://www.youtube.com/watch?v=rylPZ0vYkL8,https://www.youtube.com/@sriramselvan
34,https://www.youtube.com/watch?v=6aEzQdmvbKw,https://www.youtube.com/@ayushtyagi0005
35,https://www.youtube.com/watch?v=VslqdBiDaH4,https://www.youtube.com/@abhijaggeshcomedyshows9271
36,https://www.youtube.com/watch?v=e8CEhDLZhSE,https://www.youtube.com/@asmakhanam9468
37,https://www.youtube.com/watch?v=9zAE4vYlaSw,https://www.youtube.com/@pahadispirits
38,https://www.youtube.com/watch?v=j2IfTqNUXHk,https://www.youtube.com/@Prasadtechintelugu
39,https://www.youtube.com/watch?v=9viIr7u0vCc,https://www.youtube.com/@Prasadtechintelugu
40,https://www.youtube.com/watch?v=SOPAkWLoIDU,https://www.youtube.com/@PremSager-xj9dx
41,https://www.youtube.com/watch?v=bVCP5PJYETQ,https://www.youtube.com/@ManojDeyVlogs
42,https://www.youtube.com/watch?v=P5xzhr3RBKY,https://www.youtube.com/@asmakhanam9468
43,https://www.youtube.com/watch?v=R-jrv5qGsaY,https://www.youtube.com/@Prasadtechintelugu
44,https://www.youtube.com/watch?v=RXCTewbL_qI,https://www.youtube.com/@MoneyPurse
45,https://www.youtube.com/watch?v=gfqA7Kg8Aus,https://www.youtube.com/@metax.
46,https://www.youtube.com/watch?v=v5Q0b8m0Kl4,https://www.youtube.com/@MoneyPurse
47,https://www.youtube.com/watch?v=KtI3wEWX1lU,https://www.youtube.com/@urjitawani.
48,https://www.youtube.com/watch?v=UulArercBE4,https://www.youtube.com/@daytradertelugu
49,https://www.youtube.com/watch?v=fCEM-ElmqEk,https://www.youtube.com/@MoneyPurse
50,https://www.youtube.com/watch?v=Jve0nIHDNZM,https://www.youtube.com/@asmakhanam9468
51,https://www.youtube.com/watch?v=fNxodQAHdK4,https://www.youtube.com/@daytradertelugu
52,https://www.youtube.com/watch?v=4ribByvlkSY,https://www.youtube.com/@YashSainiShorts
53,https://www.youtube.com/watch?v=m7KM8aZdrX4,https://www.youtube.com/@MoneyPurse
54,https://www.youtube.com/watch?v=ulUpZIo-aTk,https://www.youtube.com/@ManojDeyVlogs
55,https://www.youtube.com/watch?v=mR-gzCQHKfo,https://www.youtube.com/@GokulChhabra
56,https://www.youtube.com/watch?v=GPxr5W5AFY4,https://www.youtube.com/@Prasadtechintelugu
57,https://www.youtube.com/watch?v=WZHBFKaFtJ0,https://www.youtube.com/@PLAYGROUND_GLOBAL
58,https://www.youtube.com/watch?v=vBFeSU32ExA,https://www.youtube.com/@MoneyPurse
59,https://www.youtube.com/watch?v=v3QbMncBXyA,https://www.youtube.com/@sskchaurasiyaloveguru
60,https://www.youtube.com/watch?v=bapQQ1althQ,https://www.youtube.com/@Prasadtechintelugu
61,https://www.youtube.com/watch?v=lgy6oyTIqxs,https://www.youtube.com/@DivoMovies
62,https://www.youtube.com/watch?v=in3PiToXwXE,https://www.youtube.com/@TradingwithGroww
63,https://www.youtube.com/watch?v=txpqgxLsSm8,https://www.youtube.com/@daytradertelugu
64,https://www.youtube.com/watch?v=XZjECxKuFQY,https://www.youtube.com/@jigarpatelvlogs
65,https://www.youtube.com/watch?v=qaA4ntXwRME,https://www.youtube.com/@TechnoSubhash
66,https://www.youtube.com/watch?v=Lhbepmpfyt4,https://www.youtube.com/@TradingwithGroww
67,https://www.youtube.com/watch?v=Ahfh1cGQ3Uo,https://www.youtube.com/@daytradertelugu
68,https://www.youtube.com/watch?v=Zi5jIgWHfjw,https://www.youtube.com/@GokulChhabra
69,https://www.youtube.com/watch?v=UWC0PW7vEAg,https://www.youtube.com/@TradingwithGroww
70,https://www.youtube.com/watch?v=e9XwyA8TukU,https://www.youtube.com/@TradingwithGroww
71,https://www.youtube.com/watch?v=e9XwyA8TukU,https://www.youtube.com/@TradingwithGroww
72,https://www.youtube.com/watch?v=X4Mjuh4_M04,https://www.youtube.com/@TradingwithGroww
73,https://www.youtube.com/watch?v=IrAZsq9FsjQ,https://www.youtube.com/@TradingwithGroww
74,https://www.youtube.com/watch?v=9ZwSUBrysuc,https://www.youtube.com/@GokulChhabra
75,https://www.youtube.com/watch?v=ZUq0_yP3D_0,https://www.youtube.com/@ElectronicsElectricalmalayalam
76,https://www.youtube.com/watch?v=ggyplzAveIA,https://www.youtube.com/@TRENDTRADERKARAN
77,https://www.youtube.com/watch?v=1vzSzA_1Cvs,https://www.youtube.com/@GokulChhabra
78,https://www.youtube.com/watch?v=1vzSzA_1Cvs,https://www.youtube.com/@GokulChhabra
79,https://www.youtube.com/watch?v=5ndOkIli5Eo,https://www.youtube.com/@TheShareMarketGuru
80,https://www.youtube.com/watch?v=r_yLam_9zqA,https://www.youtube.com/@cuetadda247
81,https://www.youtube.com/watch?v=IwxTGmNfTH8,https://www.youtube.com/@TradingwithGroww
82,https://www.youtube.com/watch?v=9pzwxxs8IQc,https://www.youtube.com/@TradingwithGroww
83,https://www.youtube.com/watch?v=9pzwxxs8IQc,https://www.youtube.com/@TradingwithGroww
84,https://www.youtube.com/watch?v=Tbi6mUj1zck,https://www.youtube.com/@cuetadda247
85,https://www.youtube.com/watch?v=TlzBrqrCPbw,https://www.youtube.com/@gauravdelhirav
86,https://www.youtube.com/watch?v=Q81kRxXXMiI,https://www.youtube.com/@TheShareMarketGuru
87,https://www.youtube.com/watch?v=Q81kRxXXMiI,https://www.youtube.com/@TheShareMarketGuru
88,https://www.youtube.com/watch?v=3RfMqBBn0JQ,https://www.youtube.com/@cuetadda247
89,https://www.youtube.com/watch?v=IQRNweQ8va4,https://www.youtube.com/@dsa5302
90,https://www.youtube.com/watch?v=iPuvFuNlpWI,https://www.youtube.com/@DeepakEmpire
91,https://www.youtube.com/watch?v=dhwpS-2mHBY,https://www.youtube.com/@cuetadda247
92,https://www.youtube.com/watch?v=Q81kRxXXMiI,https://www.youtube.com/@TheShareMarketGuru
93,https://www.youtube.com/watch?v=3RfMqBBn0JQ,https://www.youtube.com/@cuetadda247
94,https://www.youtube.com/watch?v=IQRNweQ8va4,https://www.youtube.com/@dsa5302
95,https://www.youtube.com/watch?v=iPuvFuNlpWI,https://www.youtube.com/@DeepakEmpire
96,https://www.youtube.com/watch?v=9pzwxxs8IQc,https://www.youtube.com/@TradingwithGroww
97,https://www.youtube.com/watch?v=Tbi6mUj1zck,https://www.youtube.com/@cuetadda247
98,https://www.youtube.com/watch?v=TlzBrqrCPbw,https://www.youtube.com/@gauravdelhirav
99,https://www.youtube.com/watch?v=Q81kRxXXMiI,https://www.youtube.com/@TheShareMarketGuru
100,https://www.youtube.com/watch?v=3RfMqBBn0JQ,https://www.youtube.com/@cuetadda247
101,https://www.youtube.com/watch?v=IQRNweQ8va4,https://www.youtube.com/@dsa5302
102,https://www.youtube.com/watch?v=iPuvFuNlpWI,https://www.youtube.com/@DeepakEmpire
103,https://www.youtube.com/watch?v=dhwpS-2mHBY,https://www.youtube.com/@cuetadda247
104,https://www.youtube.com/watch?v=O6KTSZJRwSE,https://www.youtube.com/@OpenasApp
105,https://www.youtube.com/watch?v=OBAx7na1wMo,https://www.youtube.com/@cuetadda247
106,https://www.youtube.com/watch?v=gTPPEjCXbA8,https://www.youtube.com/@TechPhantom18
107,https://www.youtube.com/watch?v=bP_Qm7bFXg0,https://www.youtube.com/@scitechofficial
108,https://www.youtube.com/watch?v=c6oYPfGKHDI,https://www.youtube.com/@winningfantasy167
109,https://www.youtube.com/watch?v=FJ5aMMd_PZU,https://www.youtube.com/@aburobb
110,https://www.youtube.com/watch?v=Tmzq26qUyRA,https://www.youtube.com/@praveengosainofficial
111,https://www.youtube.com/watch?v=xsysDqmto_E,https://www.youtube.com/@OpeninApp
112,https://www.youtube.com/watch?v=BfM-zY_476I,https://www.youtube.com/@PrafullMBACHAIWALA
